title,year,Show_type,Source,Subscription,content_type,Added_to_site,Updated_at_DB
'71,2015,MO,Amazon,New Prime,Recently_Added,"Apr 01, 2020","Apr 02, 2020"
1st Born,2019,MO,Amazon,New Prime,Recently_Added,"Apr 01, 2020","Apr 02, 2020"
2 Dudes and a Dream,2009,MO,Amazon,New Rental,Recently_Added,"Apr 01, 2020","Apr 02, 2020"
24h Le Mans Official Review 2018,2018,MO,Amazon,New Prime,Recently_Added,"Apr 01, 2020","Apr 02, 2020"
3 Ninjas,1992,MO,Amazon,New Rental,Recently_Added,"Apr 01, 2020","Apr 02, 2020"
5 Galaxies,2019,MO,Amazon,New Prime,Recently_Added,"Apr 01, 2020","Apr 02, 2020"
7 Little Johnstons Season 7,2020,TVSeason,Amazon,Purchase,Recently_Added,"Apr 01, 2020","Apr 02, 2020"
8 Slices,2020,MO,Amazon,Purchase,Recently_Added,"Apr 01, 2020","Apr 02, 2020"
@urFRENZ,2011,MO,Amazon,Purchase,Recently_Added,"Apr 01, 2020","Apr 02, 2020"
A Boy Called Po,2017,MO,Amazon,New Prime,Recently_Added,"Apr 01, 2020","Apr 02, 2020"
A Bug's Life,1998,MO,Amazon,New Rental,Recently_Added,"Apr 01, 2020","Apr 02, 2020"
A Civil Action,1999,MO,Amazon,New Rental,Recently_Added,"Apr 01, 2020","Apr 02, 2020"
A Hug From Far Away,2015,MO,Amazon,New Rental,Recently_Added,"Apr 01, 2020","Apr 02, 2020"
A Hundred Miles to The End,2013,MO,Amazon,New Rental,Recently_Added,"Apr 01, 2020","Apr 02, 2020"
A Muppets Christmas: Letters To Santa,2008,MO,Amazon,New Rental,Recently_Added,"Apr 01, 2020","Apr 02, 2020"
A Place We Go To,2020,MO,Amazon,New Prime,Recently_Added,"Apr 01, 2020","Apr 02, 2020"
A Prayer For Compassion,2019,MO,Amazon,New Rental,Recently_Added,"Apr 01, 2020","Apr 02, 2020"
A Pyromaniac's Love Story,1995,MO,Amazon,New Rental,Recently_Added,"Apr 01, 2020","Apr 02, 2020"
A Simple Twist Of Fate,1994,MO,Amazon,New Rental,Recently_Added,"Apr 01, 2020","Apr 02, 2020"
A View to a Kill (4K UHD),1985,MO,Amazon,New Prime,Recently_Added,"Apr 01, 2020","Apr 02, 2020"
Abduction,2019,MO,Amazon,New Rental,Recently_Added,"Apr 01, 2020","Apr 02, 2020"
Adventures In Babysitting,1987,MO,Amazon,New Rental,Recently_Added,"Apr 01, 2020","Apr 02, 2020"
After My Death,2017,MO,Amazon,New Prime,Recently_Added,"Apr 01, 2020","Apr 02, 2020"
Air Bud,1997,MO,Amazon,New Rental,Recently_Added,"Apr 01, 2020","Apr 02, 2020"
Air Bud: Golden Receiver,,MO,Amazon,New Rental,Recently_Added,"Apr 01, 2020","Apr 02, 2020"
Air Bud: Seventh Inning Fetch,2002,MO,Amazon,New Rental,Recently_Added,"Apr 01, 2020","Apr 02, 2020"
Air Bud: World Pup,2000,MO,Amazon,New Rental,Recently_Added,"Apr 01, 2020","Apr 02, 2020"
Alien Agenda: Project Grey,2020,MO,Amazon,New Prime,Recently_Added,"Apr 01, 2020","Apr 02, 2020"
Almos Paradise,2020,TVSeason,Amazon,Purchase,Recently_Added,"Apr 01, 2020","Apr 02, 2020"
Almost in Love,2013,MO,Amazon,Purchase,Recently_Added,"Apr 01, 2020","Apr 02, 2020"
America in Color - Season 1,2017,TVSeason,Amazon,New Prime,Recently_Added,"Apr 01, 2020","Apr 02, 2020"
American Psychos,2019,MO,Amazon,New Prime,Recently_Added,"Apr 01, 2020","Apr 02, 2020"
Among Mountain Crags,2020,MO,Amazon,New Prime,Recently_Added,"Apr 01, 2020","Apr 02, 2020"
Angel On My Shoulders,1946,MO,Amazon,New Prime,Recently_Added,"Apr 01, 2020","Apr 02, 2020"
Angie,1994,MO,Amazon,New Rental,Recently_Added,"Apr 01, 2020","Apr 02, 2020"
Anonymous,2006,MO,Amazon,New Prime,Recently_Added,"Apr 01, 2020","Apr 02, 2020"
Another Stakeout,1993,MO,Amazon,New Rental,Recently_Added,"Apr 01, 2020","Apr 02, 2020"
Another Version of You,2019,MO,Amazon,New Prime,Recently_Added,"Apr 01, 2020","Apr 02, 2020"
Ant-Man (Plus Bonus Features),2015,MO,Amazon,New Rental,Recently_Added,"Apr 01, 2020","Apr 02, 2020"
Antrum: The Deadliest Film Ever Made,2019,MO,Amazon,New Prime,Recently_Added,"Apr 01, 2020","Apr 02, 2020"
Art of Life,2020,MO,Amazon,New Prime,Recently_Added,"Apr 01, 2020","Apr 02, 2020"
Asantewa,2020,MO,Amazon,New Prime,Recently_Added,"Apr 01, 2020","Apr 02, 2020"
Aspen Extreme,1993,MO,Amazon,New Rental,Recently_Added,"Apr 01, 2020","Apr 02, 2020"
Atlantis: Milo's Return,2003,MO,Amazon,New Rental,Recently_Added,"Apr 01, 2020","Apr 02, 2020"
Attack! The Battle Of New Britain,1944,MO,Amazon,New Prime,Recently_Added,"Apr 01, 2020","Apr 02, 2020"
Augustine,2013,MO,Amazon,New Prime,Recently_Added,"Apr 01, 2020","Apr 02, 2020"
B!tch,2017,MO,Amazon,New Prime,Recently_Added,"Apr 01, 2020","Apr 02, 2020"
Babes In Toyland,1961,MO,Amazon,New Rental,Recently_Added,"Apr 01, 2020","Apr 02, 2020"
Baby...Secret of The Lost Legend,1985,MO,Amazon,New Rental,Recently_Added,"Apr 01, 2020","Apr 02, 2020"
Bad Company (2002),2002,MO,Amazon,New Rental,Recently_Added,"Apr 01, 2020","Apr 02, 2020"
Balloon Farm,1999,MO,Amazon,New Rental,Recently_Added,"Apr 01, 2020","Apr 02, 2020"
Bangkok Dangerous,2010,MO,Amazon,New Prime,Recently_Added,"Apr 01, 2020","Apr 02, 2020"
Barbara Rubin And The Exploding NY Underground,2019,MO,Amazon,New Prime,Recently_Added,"Apr 01, 2020","Apr 02, 2020"
Beautiful Dead Things,2020,MO,Amazon,New Prime,Recently_Added,"Apr 01, 2020","Apr 02, 2020"
Bedknobs and Broomsticks,1971,MO,Amazon,New Rental,Recently_Added,"Apr 01, 2020","Apr 02, 2020"
Before And After,1996,MO,Amazon,New Rental,Recently_Added,"Apr 01, 2020","Apr 02, 2020"
Behind The Gate,2020,MO,Amazon,New Prime,Recently_Added,"Apr 01, 2020","Apr 02, 2020"
Beloved Sisters,2015,MO,Amazon,New Prime,Recently_Added,"Apr 01, 2020","Apr 02, 2020"
Benji The Hunted,1987,MO,Amazon,New Rental,Recently_Added,"Apr 01, 2020","Apr 02, 2020"
Berserk,2019,MO,Amazon,New Prime,Recently_Added,"Apr 01, 2020","Apr 02, 2020"
Best Friends Forever,2013,MO,Amazon,Purchase,Recently_Added,"Apr 01, 2020","Apr 02, 2020"
Betsy's Wedding,1990,MO,Amazon,New Rental,Recently_Added,"Apr 01, 2020","Apr 02, 2020"
Beverly Hills Chihuahua 2,,MO,Amazon,New Rental,Recently_Added,"Apr 01, 2020","Apr 02, 2020"
Beyond Boobs,2018,MO,Amazon,New Prime,Recently_Added,"Apr 01, 2020","Apr 02, 2020"
Bird of Paradise,,MO,Amazon,New Prime,Recently_Added,"Apr 01, 2020","Apr 02, 2020"
Blindspotting,2018,MO,Amazon,New Rental,Recently_Added,"Apr 01, 2020","Apr 02, 2020"
Blindspotting (4K UHD),2018,MO,Amazon,New Rental,Recently_Added,"Apr 01, 2020","Apr 02, 2020"
Blood On The Sun,1974,MO,Amazon,New Prime,Recently_Added,"Apr 01, 2020","Apr 02, 2020"
Body of Deceit,2015,MO,Amazon,New Prime,Recently_Added,"Apr 01, 2020","Apr 02, 2020"
Bowery Blitzkreig (1941),1941,MO,Amazon,New Prime,Recently_Added,"Apr 01, 2020","Apr 02, 2020"
Broken Blossoms-1919,1919,MO,Amazon,New Prime,Recently_Added,"Apr 01, 2020","Apr 02, 2020"
Bronx SIU - Season 1,2018,TVSeason,Amazon,New Prime,Recently_Added,"Apr 01, 2020","Apr 02, 2020"
Call It Murder,1934,MO,Amazon,New Prime,Recently_Added,"Apr 01, 2020","Apr 02, 2020"
Capote,2006,MO,Amazon,New Prime,Recently_Added,"Apr 01, 2020","Apr 02, 2020"
Captivity,2020,MO,Amazon,New Rental,Recently_Added,"Apr 01, 2020","Apr 02, 2020"
CARDFIGHT!! Vanguard,,TVSeason,Amazon,New Prime,Recently_Added,"Apr 01, 2020","Apr 02, 2020"
Chef Eddie G. Locavore,2020,TVSeason,Amazon,New Prime,Recently_Added,"Apr 01, 2020","Apr 02, 2020"
City on a Hill Season 1,2019,TVSeason,Amazon,New Prime,Recently_Added,"Apr 01, 2020","Apr 02, 2020"
Clash of Morality,2017,MO,Amazon,New Rental,Recently_Added,"Apr 01, 2020","Apr 02, 2020"
Confessions of a Producer,2020,MO,Amazon,New Prime,Recently_Added,"Apr 01, 2020","Apr 02, 2020"
Crazy Craft Minecraft Survival (Sigils),2020,TVSeason,Amazon,New Prime,Recently_Added,"Apr 01, 2020","Apr 02, 2020"
Crimson Sands,2020,MO,Amazon,New Rental,Recently_Added,"Apr 01, 2020","Apr 02, 2020"
Daniel Boone (1936),,MO,Amazon,New Prime,Recently_Added,"Apr 01, 2020","Apr 02, 2020"
David Susskind Archive: Gay Rights Pro And Con,2020,MO,Amazon,New Rental,Recently_Added,"Apr 01, 2020","Apr 02, 2020"
David Susskind Archive: Howard Hughes The Watergate Connection,2020,MO,Amazon,New Rental,Recently_Added,"Apr 01, 2020","Apr 02, 2020"
Death Wish II,1982,MO,Amazon,New Prime,Recently_Added,"Apr 01, 2020","Apr 02, 2020"
Death Wish III,1985,MO,Amazon,New Prime,Recently_Added,"Apr 01, 2020","Apr 02, 2020"
Death Wish IV: The Crackdown,1987,MO,Amazon,New Prime,Recently_Added,"Apr 01, 2020","Apr 02, 2020"
Deer Boy,2018,MO,Amazon,Purchase,Recently_Added,"Apr 01, 2020","Apr 02, 2020"
Delta Force,1986,MO,Amazon,New Prime,Recently_Added,"Apr 01, 2020","Apr 02, 2020"
Diary of a Hitman,1991,MO,Amazon,New Prime,Recently_Added,"Apr 01, 2020","Apr 02, 2020"
Dishonored Lady,1947,MO,Amazon,New Prime,Recently_Added,"Apr 01, 2020","Apr 02, 2020"
Distiller,2020,MO,Amazon,New Prime,Recently_Added,"Apr 01, 2020","Apr 02, 2020"
Dollface,1945,MO,Amazon,New Prime,Recently_Added,"Apr 01, 2020","Apr 02, 2020"
Don't Open Your Eyes,2018,MO,Amazon,New Prime,Recently_Added,"Apr 01, 2020","Apr 02, 2020"
Dr. T and the Women,2000,MO,Amazon,New Prime,Recently_Added,"Apr 01, 2020","Apr 02, 2020"
Drums In The Deep South,1951,MO,Amazon,New Prime,Recently_Added,"Apr 01, 2020","Apr 02, 2020"
"DUPLICATE_Bigamist, The",1953,MO,Amazon,New Prime,Recently_Added,"Apr 01, 2020","Apr 02, 2020"
Electric Kingdom (4K UHD),2020,MO,Amazon,Purchase,Recently_Added,"Apr 01, 2020","Apr 02, 2020"
Eleven Days,2020,MO,Amazon,New Prime,Recently_Added,"Apr 01, 2020","Apr 02, 2020"
Eminence Hill,2019,MO,Amazon,New Prime,Recently_Added,"Apr 01, 2020","Apr 02, 2020"
Epiphany,2020,MO,Amazon,New Prime,Recently_Added,"Apr 01, 2020","Apr 02, 2020"
Escaping My Stalker,2020,MO,Amazon,Purchase,Recently_Added,"Apr 01, 2020","Apr 02, 2020"
Eternal,1998,MO,Amazon,New Prime,Recently_Added,"Apr 01, 2020","Apr 02, 2020"
"Foyle's War, Series 1",2002,TVSeason,Amazon,New Prime,Recently_Added,"Apr 01, 2020","Apr 02, 2020"
Frank the Wrabbit,1999,MO,Amazon,New Rental,Recently_Added,"Apr 01, 2020","Apr 02, 2020"
Fun in Acapulco,1963,MO,Amazon,New Rental,Recently_Added,"Apr 01, 2020","Apr 02, 2020"
Gator,1976,MO,Amazon,New Prime,Recently_Added,"Apr 01, 2020","Apr 02, 2020"
Gettin Off Comedy Series Season 1,2020,TVSeason,Amazon,New Prime,Recently_Added,"Apr 01, 2020","Apr 02, 2020"
Ghost and Demon Children of the Damned,2020,MO,Amazon,New Rental,Recently_Added,"Apr 01, 2020","Apr 02, 2020"
Ghostheads,2016,MO,Amazon,New Prime,Recently_Added,"Apr 01, 2020","Apr 02, 2020"
God's Not Dead,2014,MO,Amazon,New Prime,Recently_Added,"Apr 01, 2020","Apr 02, 2020"
Gods And Monsters,1999,MO,Amazon,New Prime,Recently_Added,"Apr 01, 2020","Apr 02, 2020"
Goldfinger (4K UHD),1964,MO,Amazon,New Prime,Recently_Added,"Apr 01, 2020","Apr 02, 2020"
Good Bones,2018,MO,Amazon,New Prime,Recently_Added,"Apr 01, 2020","Apr 02, 2020"
Goodbye Summer,2019,MO,Amazon,New Prime,Recently_Added,"Apr 01, 2020","Apr 02, 2020"
Gorky Park,1983,MO,Amazon,New Prime,Recently_Added,"Apr 01, 2020","Apr 02, 2020"
Great Expectations (1947),1947,MO,Amazon,New Prime,Recently_Added,"Apr 01, 2020","Apr 02, 2020"
Great Questions of the Bible Volume 2 with John Hagee,2020,TVSeason,Amazon,New Prime,Recently_Added,"Apr 01, 2020","Apr 02, 2020"
Gulliver's Travel,2006,MO,Amazon,New Rental,Recently_Added,"Apr 01, 2020","Apr 02, 2020"
Harry & Snowman,2016,MO,Amazon,New Prime,Recently_Added,"Apr 01, 2020","Apr 02, 2020"
Helena - In Her Dreams,2005,MO,Amazon,New Rental,Recently_Added,"Apr 01, 2020","Apr 02, 2020"
Hit (The First Case),2020,MO,Amazon,New Prime,Recently_Added,"Apr 01, 2020","Apr 02, 2020"
Home of the Brave,2006,MO,Amazon,New Prime,Recently_Added,"Apr 01, 2020","Apr 02, 2020"
Homeward,2020,MO,Amazon,Purchase,Recently_Added,"Apr 01, 2020","Apr 02, 2020"
Hotel Artemis,2018,MO,Amazon,New Prime,Recently_Added,"Apr 01, 2020","Apr 02, 2020"
"House Hunters International, Season 144",2020,TVSeason,Amazon,Purchase,Recently_Added,"Apr 01, 2020","Apr 02, 2020"
"House Hunters, Season 169",2020,TVSeason,Amazon,Purchase,Recently_Added,"Apr 01, 2020","Apr 02, 2020"
How To Break Into A Cinema,2018,MO,Amazon,New Prime,Recently_Added,"Apr 01, 2020","Apr 02, 2020"
Hud,1963,MO,Amazon,New Prime,Recently_Added,"Apr 01, 2020","Apr 02, 2020"
I Am Legend,2007,MO,Amazon,New Prime,Recently_Added,"Apr 01, 2020","Apr 02, 2020"
I Want to Believe,2020,MO,Amazon,New Prime,Recently_Added,"Apr 01, 2020","Apr 02, 2020"
Impractical Jokers: The Movie,2020,MO,Amazon,Purchase,Recently_Added,"Apr 01, 2020","Apr 02, 2020"
Insatiable Devotion,2000,MO,Amazon,Purchase,Recently_Added,"Apr 01, 2020","Apr 02, 2020"
Inspector Morse Season 1,,TVSeason,Amazon,New Prime,Recently_Added,"Apr 01, 2020","Apr 02, 2020"
Intensive Care,2018,MO,Amazon,New Prime,Recently_Added,"Apr 01, 2020","Apr 02, 2020"
Intermedium,2020,MO,Amazon,New Prime,Recently_Added,"Apr 01, 2020","Apr 02, 2020"
Into The Void,2020,MO,Amazon,New Prime,Recently_Added,"Apr 01, 2020","Apr 02, 2020"
It's Not Yet Dark,2017,MO,Amazon,New Prime,Recently_Added,"Apr 01, 2020","Apr 02, 2020"
Jane Eyre,2010,MO,Amazon,New Rental,Recently_Added,"Apr 01, 2020","Apr 02, 2020"
Jesus: His Life Season 1,2019,TVSeason,Amazon,New Prime,Recently_Added,"Apr 01, 2020","Apr 02, 2020"
JoJo's Bizarre Adventure Season 2 Volume 2 Stardust Crusaders: Battle in Egypt,2015,TVSeason,Amazon,Purchase,Recently_Added,"Apr 01, 2020","Apr 02, 2020"
Journey To Justice,2020,MO,Amazon,New Rental,Recently_Added,"Apr 01, 2020","Apr 02, 2020"
Joyce Vedral's Complete Bottom's Up Workout,2008,MO,Amazon,Purchase,Recently_Added,"Apr 01, 2020","Apr 02, 2020"
Junie & Frank,2020,MO,Amazon,New Rental,Recently_Added,"Apr 01, 2020","Apr 02, 2020"
Just Like Mom and Dad,,TVSeason,Amazon,New Prime,Recently_Added,"Apr 01, 2020","Apr 02, 2020"
Kali the Little Vampire,2012,MO,Amazon,New Rental,Recently_Added,"Apr 01, 2020","Apr 02, 2020"
Kayan,2018,MO,Amazon,New Rental,Recently_Added,"Apr 01, 2020","Apr 02, 2020"
Kin,2018,MO,Amazon,New Rental,Recently_Added,"Apr 01, 2020","Apr 02, 2020"
Kin (4K UHD),2018,MO,Amazon,New Rental,Recently_Added,"Apr 01, 2020","Apr 02, 2020"
Kirby At War,2017,MO,Amazon,New Rental,Recently_Added,"Apr 01, 2020","Apr 02, 2020"
Ko,2011,MO,Amazon,New Prime,Recently_Added,"Apr 01, 2020","Apr 02, 2020"
Kuruvi,2008,MO,Amazon,New Prime,Recently_Added,"Apr 01, 2020","Apr 02, 2020"
Lady Macbeth,2017,MO,Amazon,New Prime,Recently_Added,"Apr 01, 2020","Apr 02, 2020"
Lake Artifact,2020,MO,Amazon,New Prime,Recently_Added,"Apr 01, 2020","Apr 02, 2020"
Legend of Fairy and Sword 3,,TVSeason,Amazon,New Prime,Recently_Added,"Apr 01, 2020","Apr 02, 2020"
Lies of Omission,2017,MO,Amazon,New Rental,Recently_Added,"Apr 01, 2020","Apr 02, 2020"
LiME,2020,MO,Amazon,New Rental,Recently_Added,"Apr 01, 2020","Apr 02, 2020"
"Little People, Big World Season 20",2020,TVSeason,Amazon,Purchase,Recently_Added,"Apr 01, 2020","Apr 02, 2020"
Little Women,1950,MO,Amazon,New Prime,Recently_Added,"Apr 01, 2020","Apr 02, 2020"
Louis Prima - In Person!: Wildest Performances 1936-1973,2011,MO,Amazon,New Rental,Recently_Added,"Apr 01, 2020","Apr 02, 2020"
Louise,2004,MO,Amazon,New Rental,Recently_Added,"Apr 01, 2020","Apr 02, 2020"
Made For Each Other,1939,MO,Amazon,New Prime,Recently_Added,"Apr 01, 2020","Apr 02, 2020"
Magnus,2016,MO,Amazon,New Prime,Recently_Added,"Apr 01, 2020","Apr 02, 2020"
Main Street Meats,2019,MO,Amazon,New Rental,Recently_Added,"Apr 01, 2020","Apr 02, 2020"
Meeting Neanderthal,2019,MO,Amazon,New Rental,Recently_Added,"Apr 01, 2020","Apr 02, 2020"
Molly of Denali: Volume 1,2019,TVSeason,Amazon,New Prime,Recently_Added,"Apr 01, 2020","Apr 02, 2020"
More Time,2019,MO,Amazon,New Rental,Recently_Added,"Apr 01, 2020","Apr 02, 2020"
Mr. Zoo,2020,MO,Amazon,New Rental,Recently_Added,"Apr 01, 2020","Apr 02, 2020"
Nails,2017,MO,Amazon,New Prime,Recently_Added,"Apr 01, 2020","Apr 02, 2020"
National Dance Company Of Ireland - Rhythm Of The Dance: St. Patrick's Day Concert,2020,MO,Amazon,New Rental,Recently_Added,"Apr 01, 2020","Apr 02, 2020"
No Fish Where to Go,2014,MO,Amazon,New Rental,Recently_Added,"Apr 01, 2020","Apr 02, 2020"
Onward (4K UHD),2020,MO,Amazon,Purchase,Recently_Added,"Apr 01, 2020","Apr 02, 2020"
Pat Boone and Family Easter Special,1979,MO,Amazon,New Prime,Recently_Added,"Apr 01, 2020","Apr 02, 2020"
Perry Como's Music Hall,1967,MO,Amazon,New Prime,Recently_Added,"Apr 01, 2020","Apr 02, 2020"
Plastic Wars,2020,MO,Amazon,Purchase,Recently_Added,"Apr 01, 2020","Apr 02, 2020"
Preachers Kids - The Untold Story,2020,MO,Amazon,New Rental,Recently_Added,"Apr 01, 2020","Apr 02, 2020"
Quackser Fortune Has A Cousin In the Bronx,1999,MO,Amazon,New Rental,Recently_Added,"Apr 01, 2020","Apr 02, 2020"
Rapunzel's Tangled Adventure Volume 6,2020,TVSeason,Amazon,Purchase,Recently_Added,"Apr 01, 2020","Apr 02, 2020"
Renegade Dreamers,2019,MO,Amazon,Purchase,Recently_Added,"Apr 01, 2020","Apr 02, 2020"
Rituals of the World,2020,TVSeason,Amazon,New Prime,Recently_Added,"Apr 01, 2020","Apr 02, 2020"
Ryan's Mystery Playdate Season 5,2020,TVSeason,Amazon,Purchase,Recently_Added,"Apr 01, 2020","Apr 02, 2020"
Saria,2020,MO,Amazon,Purchase,Recently_Added,"Apr 01, 2020","Apr 02, 2020"
Space Captain: Captain of Space!,2020,MO,Amazon,New Rental,Recently_Added,"Apr 01, 2020","Apr 02, 2020"
Swimming to Ferguson,2018,MO,Amazon,Purchase,Recently_Added,"Apr 01, 2020","Apr 02, 2020"
"The 5th King- Iran ""The Blade"" Barkley Story",,MO,Amazon,New Prime,Recently_Added,"Apr 01, 2020","Apr 02, 2020"
The Amazing Adventure,1937,MO,Amazon,New Prime,Recently_Added,"Apr 01, 2020","Apr 02, 2020"
The Barefoot Contessa,1954,MO,Amazon,New Prime,Recently_Added,"Apr 01, 2020","Apr 02, 2020"
The Bigfoot Alien Connection Revealed,2020,MO,Amazon,Purchase,Recently_Added,"Apr 01, 2020","Apr 02, 2020"
The Bodyguard (1992),1992,MO,Amazon,New Prime,Recently_Added,"Apr 01, 2020","Apr 02, 2020"
The Boost,1988,MO,Amazon,New Prime,Recently_Added,"Apr 01, 2020","Apr 02, 2020"
The Brothers Grimm,2005,MO,Amazon,New Prime,Recently_Added,"Apr 01, 2020","Apr 02, 2020"
The Darkest Minds,2018,MO,Amazon,New Rental,Recently_Added,"Apr 01, 2020","Apr 02, 2020"
The Extraordinary Journey of Celeste Garcia,,MO,Amazon,Purchase,Recently_Added,"Apr 01, 2020","Apr 02, 2020"
The Fittest,2020,MO,Amazon,Purchase,Recently_Added,"Apr 01, 2020","Apr 02, 2020"
The Fourth Wise Man,1985,MO,Amazon,New Rental,Recently_Added,"Apr 01, 2020","Apr 02, 2020"
The GiggleBellies Musical Adventures Vol. 1 & 2,2020,MO,Amazon,New Prime,Recently_Added,"Apr 01, 2020","Apr 02, 2020"
"The Good, the Bad and the Ugly",1967,MO,Amazon,New Prime,Recently_Added,"Apr 01, 2020","Apr 02, 2020"
The Great Alone,2016,MO,Amazon,New Prime,Recently_Added,"Apr 01, 2020","Apr 02, 2020"
The Grotesque World of Jimmy the Bean,2020,MO,Amazon,New Rental,Recently_Added,"Apr 01, 2020","Apr 02, 2020"
The Head Vanishes,2016,MO,Amazon,New Rental,Recently_Added,"Apr 01, 2020","Apr 02, 2020"
The Homesman,2014,MO,Amazon,New Prime,Recently_Added,"Apr 01, 2020","Apr 02, 2020"
The Hoodlum,1951,MO,Amazon,New Prime,Recently_Added,"Apr 01, 2020","Apr 02, 2020"
The Johnny Carson Show,1990,TVSeason,Amazon,New Prime,Recently_Added,"Apr 01, 2020","Apr 02, 2020"
The Killing Floor - A Murderer Speaks,2020,MO,Amazon,New Rental,Recently_Added,"Apr 01, 2020","Apr 02, 2020"
The Killing Games,2020,MO,Amazon,Purchase,Recently_Added,"Apr 01, 2020","Apr 02, 2020"
The Kingston Trio - The Kingston Trio Holiday Cheers,2020,MO,Amazon,New Rental,Recently_Added,"Apr 01, 2020","Apr 02, 2020"
The Land,2020,MO,Amazon,Purchase,Recently_Added,"Apr 01, 2020","Apr 02, 2020"
The Last Mile (1932),1932,MO,Amazon,New Prime,Recently_Added,"Apr 01, 2020","Apr 02, 2020"
The League of Legend Keepers: Shadows,2019,MO,Amazon,New Prime,Recently_Added,"Apr 01, 2020","Apr 02, 2020"
The Legend of Huo Yuanjia,2006,TVSeason,Amazon,New Prime,Recently_Added,"Apr 01, 2020","Apr 02, 2020"
The Lost World (Enhanced Edition),1925,MO,Amazon,New Prime,Recently_Added,"Apr 01, 2020","Apr 02, 2020"
The Mind of a Chef: Season 1,2013,TVSeason,Amazon,New Prime,Recently_Added,"Apr 01, 2020","Apr 02, 2020"
The Ninth Gate,2000,MO,Amazon,New Prime,Recently_Added,"Apr 01, 2020","Apr 02, 2020"
The Physics of Sorrow,2020,MO,Amazon,Purchase,Recently_Added,"Apr 01, 2020","Apr 02, 2020"
The Secret Dreams of Squidlets,2020,MO,Amazon,New Rental,Recently_Added,"Apr 01, 2020","Apr 02, 2020"
The Secret of Skinwalker Ranch Season 1,2020,TVSeason,Amazon,Purchase,Recently_Added,"Apr 01, 2020","Apr 02, 2020"
The Texas Kid,1943,MO,Amazon,New Rental,Recently_Added,"Apr 01, 2020","Apr 02, 2020"
They Come to America: The Politics of Immigration,2020,MO,Amazon,New Rental,Recently_Added,"Apr 01, 2020","Apr 02, 2020"
Three Bad Men,2005,MO,Amazon,New Rental,Recently_Added,"Apr 01, 2020","Apr 02, 2020"
Three Kings,2020,MO,Amazon,New Rental,Recently_Added,"Apr 01, 2020","Apr 02, 2020"
Three Lights,2017,MO,Amazon,New Rental,Recently_Added,"Apr 01, 2020","Apr 02, 2020"
Time Apart,2020,MO,Amazon,Purchase,Recently_Added,"Apr 01, 2020","Apr 02, 2020"
Troubled Waters,2020,MO,Amazon,New Rental,Recently_Added,"Apr 01, 2020","Apr 02, 2020"
Twilight,2001,TVSeason,Amazon,New Prime,Recently_Added,"Apr 01, 2020","Apr 02, 2020"
VATERLANDSVERRATER - Enemy of State,,MO,Amazon,New Rental,Recently_Added,"Apr 01, 2020","Apr 02, 2020"
Vigilante Mums,2019,MO,Amazon,New Rental,Recently_Added,"Apr 01, 2020","Apr 02, 2020"
"Wanderlust, Female Bodies In Transit",2020,MO,Amazon,New Rental,Recently_Added,"Apr 01, 2020","Apr 02, 2020"
